date,holiday_name
2025-01-01,신정
2025-03-01,삼일절
2025-04-08,석가탄신일
2025-05-05,어린이날
2025-06-06,현충일
2025-08-15,광복절
2025-09-07,추석
2025-09-08,추석
2025-09-09,추석
2025-10-03,개천절
2025-10-09,한글날
2025-12-25,성탄절
2026-01-01,신정
2026-02-17,설날
2026-02-18,설날
2026-02-19,설날
2026-03-01,삼일절
2026-05-05,어린이날
2026-05-24,석가탄신일
2026-06-06,현충일
2026-08-15,광복절
2026-09-26,추석
2026-09-27,추석
2026-09-28,추석
2026-10-03,개천절
2026-10-09,한글날
2026-12-25,성탄절
2027-01-01,신정
2027-02-06,설날
2027-02-07,설날
2027-02-08,설날
2027-03-01,삼일절
2027-05-05,어린이날
2027-05-14,석가탄신일
2027-06-06,현충일
2027-08-15,광복절
2027-09-15,추석
2027-09-16,추석
2027-09-17,추석
2027-10-03,개천절
2027-10-09,한글날
2027-12-25,성탄절
2028-01-01,신정
2028-01-26,설날
2028-01-27,설날
2028-01-28,설날
2028-03-01,삼일절
2028-05-05,어린이날
2028-05-02,석가탄신일
2028-06-06,현충일
2028-08-15,광복절
2028-10-03,개천절
2028-10-04,추석
2028-10-05,추석
2028-10-06,추석
2028-10-09,한글날
2028-12-25,성탄절
2029-01-01,신정
2029-02-12,설날
2029-02-13,설날
2029-02-14,설날
2029-03-01,삼일절
2029-05-05,어린이날
2029-05-20,석가탄신일
2029-06-06,현충일
2029-08-15,광복절
2029-09-22,추석
2029-09-23,추석
2029-09-24,추석
2029-10-03,개천절
2029-10-09,한글날
2029-12-25,성탄절
2030-01-01,신정
2030-02-02,설날
2030-02-03,설날
2030-02-04,설날
2030-03-01,삼일절
2030-05-05,어린이날
2030-05-09,석가탄신일
2030-06-06,현충일
2030-08-15,광복절
2030-09-11,추석
2030-09-12,추석
2030-09-13,추석
2030-10-03,개천절
2030-10-09,한글날
2030-12-25,성탄절
2031-01-01,신정
2031-01-23,설날
2031-01-24,설날
2031-01-25,설날
2031-03-01,삼일절
2031-05-05,어린이날
2031-04-28,석가탄신일
2031-06-06,현충일
2031-08-15,광복절
2031-10-01,추석
2031-10-02,추석
2031-10-03,추석
2031-10-09,한글날
2031-12-25,성탄절
2032-01-01,신정
2032-02-11,설날
2032-02-12,설날
2032-02-13,설날
2032-03-01,삼일절
2032-05-05,어린이날
2032-05-16,석가탄신일
2032-06-06,현충일
2032-08-15,광복절
2032-09-20,추석
2032-09-21,추석
2032-09-22,추석
2032-10-03,개천절
2032-10-09,한글날
2032-12-25,성탄절
2033-01-01,신정
2033-01-31,설날
2033-02-01,설날
2033-02-02,설날
2033-03-01,삼일절
2033-05-05,어린이날
2033-05-06,석가탄신일
2033-06-06,현충일
2033-08-15,광복절
2033-09-08,추석
2033-09-09,추석
2033-09-10,추석
2033-10-03,개천절
2033-10-09,한글날
2033-12-25,성탄절
2034-01-01,신정
2034-02-19,설날
2034-02-20,설날
2034-02-21,설날
2034-03-01,삼일절
2034-05-05,어린이날
2034-05-26,석가탄신일
2034-06-06,현충일
2034-08-15,광복절
2034-09-27,추석
2034-09-28,추석
2034-09-29,추석
2034-10-03,개천절
2034-10-09,한글날
2034-12-25,성탄절
2035-01-01,신정
2035-02-08,설날
2035-02-09,설날
2035-02-10,설날
2035-03-01,삼일절
2035-05-05,어린이날
2035-05-15,석가탄신일
2035-06-06,현충일
2035-08-15,광복절
2035-09-16,추석
2035-09-17,추석
2035-09-18,추석
2035-10-03,개천절
2035-10-09,한글날
2035-12-25,성탄절
